{"firstLineNote":[1.8187779188156129,1.9716899394989014,2.1704201698303224,2.338486909866333,3.2214248180389406,3.5624167919158937,3.9239695072174074,4.662173748016357,7.067850589752197,7.4194488525390629,8.37048053741455,8.783134460449219,9.45157527923584,9.868488311767579,10.698444366455079,11.614435195922852,11.947956085205079,12.314801216125489,12.59772777557373,13.510583877563477,13.860584259033204,14.378424644470215,14.73842716217041,15.0612211227417,15.429265022277832,15.8062162399292,16.306442260742189,17.187753677368165,17.539562225341798,17.8702392578125,18.21486473083496,18.590333938598634,19.131908416748048,19.644062042236329,20.318706512451173,20.68455696105957,21.013816833496095,21.65056800842285,21.878389358520509,24.835445404052736,25.531452178955079,25.72649383544922,25.900821685791017,26.0744571685791,26.412227630615236,26.611963272094728,26.806480407714845,27.126256942749025,27.491540908813478,27.836109161376954,28.365726470947267,28.789119720458986,31.13289451599121,31.500106811523439,31.821834564208986,32.182193756103519,33.94635009765625],"firstLineLongNote":[],"secondLineNote":[6.02849817276001,6.388178825378418,6.710773944854736,7.954500675201416,9.138446807861329,10.226419448852539,12.996772766113282,19.323429107666017,19.477861404418947,19.986459732055665,21.374019622802736,22.693281173706056,23.31664276123047,24.203571319580079,26.27447509765625,27.006202697753908,27.3498592376709,28.47446060180664,29.122440338134767,29.466411590576173,29.80615997314453,30.131813049316408,30.467472076416017,30.818416595458986,32.540061950683597,33.035423278808597],"secondLineLongNote":[],"thirdLineNote":[2.701953887939453,2.870537757873535,3.0354814529418947,3.4024124145507814,3.7736904621124269,4.099531173706055,4.293703079223633,4.469949722290039,4.988735198974609,5.15440034866333,5.501613616943359,5.67438268661499,5.820833683013916,6.042505741119385,6.203507423400879,6.378385543823242,6.531466007232666,6.739600658416748,6.899995803833008,7.29146671295166,7.466430187225342,7.62945032119751,7.787493705749512,7.941274166107178,8.28532886505127,8.490521430969239,8.6434965133667,8.97861099243164,9.301690101623536,9.6904935836792,9.766051292419434,10.044743537902832,10.365653038024903,10.541951179504395,10.94900131225586,10.957610130310059,11.17065143585205,11.412269592285157,11.788005828857422,12.130423545837403,12.490524291992188,12.606098175048829,12.835504531860352,13.170541763305664,13.331442832946778,13.692697525024414,14.028432846069336,14.220155715942383,15.250472068786621,15.602462768554688,15.938477516174317,16.11795997619629,16.627620697021486,16.812868118286134,17.00359344482422,17.332151412963868,17.707576751708986,19.796764373779298,20.164018630981447,20.4929141998291,21.17047119140625,21.572525024414064,21.642475128173829,22.278444290161134,22.453609466552736,23.483503341674806,23.677570343017579,23.86820411682129,24.020267486572267,24.34910011291504,24.531429290771486,24.661256790161134,25.026594161987306,25.21049690246582,25.3720703125,27.662172317504884,28.004667282104493,28.202468872070314,28.618392944335939,28.714406967163087,28.938398361206056,29.019468307495118,29.235424041748048,29.32254981994629,29.56509780883789,29.627798080444337,29.91542625427246,29.980884552001954,30.24677276611328,30.314403533935548,30.595609664916993,30.67705726623535,30.926340103149415,30.997798919677736,31.301469802856447,31.6674747467041,31.996536254882814,32.34635543823242,32.658382415771487,32.85223388671875,33.39439392089844,33.5865478515625,33.75571823120117],"thirdLineLongNote":[]}
