{"firstLineNote":[3.894854784011841,4.061038970947266],"firstLineNoteAppearTime":[-3.6384785175323488,-3.472294330596924],"secondLineNote":[4.351132392883301],"secondLineNoteAppearTime":[-3.1822009086608888],"thirdLineNote":[3.99285626411438,4.061038970947266,4.187935829162598,4.2398152351379398,4.3207831382751469],"thirdLineNoteAppearTime":[-3.5404770374298097,-3.472294330596924,-3.345397472381592,-3.29351806640625,-3.212550163269043]}
