{"firstLineNote":[],"firstLineNoteAppearTime":[],"secondLineNote":[],"secondLineNoteAppearTime":[],"thirdLineNote":[6.82133150100708,8.649117469787598,10.991610527038575,12.34406566619873,14.20521354675293,16.038177490234376,17.871841430664064,19.734779357910158,21.534557342529298,23.441286087036134,25.288490295410158,27.103544235229493,27.44552993774414,27.625131607055665],"thirdLineNoteAppearTime":[6.82133150100708,8.649117469787598,10.991610527038575,12.34406566619873,14.20521354675293,16.038177490234376,17.871841430664064,19.734779357910158,21.534557342529298,23.441286087036134,25.288490295410158,27.103544235229493,27.44552993774414,27.625131607055665]}
