{"firstLineNote":[],"firstLineNoteAppearTime":[],"secondLineNote":[],"secondLineNoteAppearTime":[],"thirdLineNote":[5.748342514038086,6.219013214111328,6.6899871826171879,7.145589828491211,7.600725173950195,8.065107345581055,8.532442092895508,8.986722946166993,9.416902542114258,9.892908096313477,10.372296333312989,10.835055351257325,11.299180030822754,11.756020545959473,12.242386817932129,12.699849128723145,13.153882026672364,13.627701759338379,14.089001655578614,14.56202220916748,15.003401756286621,15.456658363342286,15.932509422302246,16.393993377685548,16.825355529785158,17.28913116455078,17.736452102661134,18.180286407470704,18.64286994934082,19.106063842773439,19.555818557739259,20.042734146118165,20.520706176757814],"thirdLineNoteAppearTime":[1.4150090217590333,1.8856797218322755,2.3566536903381349,2.812256336212158,3.2673916816711427,3.731773853302002,4.199108600616455,4.6533894538879398,5.083569049835205,5.559574604034424,6.0389628410339359,6.5017218589782719,6.965846538543701,7.42268705368042,7.909053325653076,8.36651611328125,8.820549011230469,9.294368743896485,9.755668640136719,10.228689193725586,10.670068740844727,11.12332534790039,11.599176406860352,12.060659408569336,12.492021560668946,12.95579719543457,13.403118133544922,13.846952438354493,14.30953598022461,14.772729873657227,15.222484588623047,15.709400177001954,16.1873722076416]}
