{"firstLineNote":[3.1848816871643068,4.443450927734375,5.770343780517578,7.36235237121582,10.019340515136719,11.561932563781739,12.915200233459473,14.218721389770508,15.808666229248047,17.95254135131836,18.23422622680664,19.55348777770996,19.791908264160158,20.299118041992189,23.186307907104493,24.577028274536134,25.57823371887207],"firstLineNoteAppearTime":[-4.348451614379883,-3.0898823738098146,-1.7629895210266114,-0.17098093032836915,2.4860072135925295,4.028599262237549,5.381866931915283,6.685388088226318,8.275333404541016,10.419208526611329,10.70089340209961,12.02015495300293,12.258575439453125,12.765785217285157,15.652975082397461,17.0436954498291,18.04490089416504],"secondLineNote":[22.1705379486084,22.432209014892579,23.738208770751954],"secondLineNoteAppearTime":[14.637205123901368,14.898876190185547,16.204875946044923],"thirdLineNote":[2.0559427738189699,3.6438140869140627,5.22468376159668,5.353814601898193,5.490304470062256,5.617771148681641,6.586255073547363,9.466059684753418,10.792489051818848,12.096579551696778,13.736479759216309,13.864986419677735,14.106985092163086,14.98749828338623,18.081361770629884,18.344268798828126,18.99418067932129,19.248620986938478,20.050670623779298,20.849193572998048,23.465906143188478,23.9692325592041,24.783775329589845,25.331151962280275],"thirdLineNoteAppearTime":[-5.477390289306641,-3.889519214630127,-2.3086495399475099,-2.179518699645996,-2.0430288314819338,-1.9155621528625489,-0.9470782279968262,1.9327263832092286,3.259155750274658,4.563246250152588,6.203146457672119,6.331653118133545,6.5736517906188969,7.454164981842041,10.548028945922852,10.810935974121094,11.460847854614258,11.715288162231446,12.517337799072266,13.315860748291016,15.932573318481446,16.43589973449707,17.250442504882814,17.797819137573243]}
